{
  "mean": [
    8.31963727204333,
    0.5278205118742565,
    0.27097560946082344,
    2.5388054955072743,
    0.08746654185244558,
    15.874921826141339,
    46.46779237023139,
    0.9967466800044371,
    3.3111131965107585,
    0.6581488421292809,
    10.422983095003262
  ],
  "scale": [
    1.7405517999736457,
    0.17900370366240764,
    0.1947402144034853,
    1.4094871120643182,
    0.047050582462108394,
    10.45688561493072,
    32.88503665178374,
    0.0018867449988074936,
    0.15433817969551608,
    0.16945396780050268,
    1.065334304422742
  ],
  "feature_names": [
    "fixed acidity",
    "volatile acidity",
    "citric acid",
    "residual sugar",
    "chlorides",
    "free sulfur dioxide",
    "total sulfur dioxide",
    "density",
    "pH",
    "sulphates",
    "alcohol"
  ]
}