{
  "train_loss": [
    20.96867251079282,
    2.92207397223451,
    1.2626130133051718,
    0.9417427019088691,
    0.8448989088410414,
    0.8466529463118553,
    0.7748070511620337,
    0.7738399477653712,
    0.7648102697028696,
    0.7873879796923652,
    0.738603348280882,
    0.7177765754352239,
    0.6908848576940905,
    0.6993744213940857,
    0.6671777684955135,
    0.6783268509011794,
    0.6701613583072635,
    0.657618420677692,
    0.6210073822405862,
    0.6802949890948722,
    0.6453151113358767,
    0.6262391931941679,
    0.630365537073204,
    0.6361154555062748,
    0.5666616316695433,
    0.5690688556577191,
    0.60707731830412,
    0.6008596839710919,
    0.5685830747270323,
    0.6041851715243729,
    0.5906141758244703,
    0.5880576619140052,
    0.5666658591720813,
    0.5411607638479118,
    0.5731994397850871,
    0.6047124794631195,
    0.5561875430422896,
    0.5955656514771754,
    0.56452635524793
  ],
  "val_loss": [
    20.61410140991211,
    1.370699167251587,
    1.0754973888397217,
    0.6205456852912903,
    0.5704766511917114,
    0.48538336157798767,
    0.5711957216262817,
    0.4624495506286621,
    0.47671762108802795,
    0.4816668629646301,
    0.5220905542373657,
    0.4297444820404053,
    0.4521406292915344,
    0.4391363263130188,
    0.41035300493240356,
    0.4395899176597595,
    0.523481547832489,
    0.37834370136260986,
    0.38547244668006897,
    0.404255211353302,
    0.3868233561515808,
    0.39882832765579224,
    0.40053480863571167,
    0.3636820614337921,
    0.3650839626789093,
    0.3947831988334656,
    0.384164422750473,
    0.40759795904159546,
    0.42871588468551636,
    0.37206393480300903,
    0.3647003471851349,
    0.3897622227668762,
    0.38626033067703247,
    0.38923224806785583,
    0.38900822401046753,
    0.3680018484592438,
    0.37219467759132385,
    0.4412686228752136,
    0.40260663628578186
  ],
  "val_r2": [
    -30.543867111206055,
    -1.0974552631378174,
    -0.6457351446151733,
    0.05043584108352661,
    0.1270519495010376,
    0.25726234912872314,
    0.1259515881538391,
    0.29235583543777466,
    0.2705227732658386,
    0.2629494071006775,
    0.2010926604270935,
    0.3424014449119568,
    0.30813068151474,
    0.328029990196228,
    0.3720744252204895,
    0.32733583450317383,
    0.1989641785621643,
    0.42105531692504883,
    0.41014689207077026,
    0.3814053535461426,
    0.40807968378067017,
    0.38970959186553955,
    0.3870983123779297,
    0.4434906840324402,
    0.4413455128669739,
    0.3958994746208191,
    0.4121484160423279,
    0.3762902021408081,
    0.34397536516189575,
    0.43066471815109253,
    0.4419324994087219,
    0.4035825729370117,
    0.40894126892089844,
    0.4043935537338257,
    0.40473639965057373,
    0.43688052892684937,
    0.43046462535858154,
    0.3247670531272888,
    0.38392800092697144
  ]
}